num_clauses,num_vars,num_literals,temps,memUsage
2000000,2,2,0.000000,31999360
2002000,19,2,0.000000,32028420
2004000,2,2,0.000000,32068332
2006000,27,1,0.000000,32100424
2008000,8,3,0.000000,32130036
2010000,38,3,0.000000,32150832
2012000,10,1,0.000000,32198356
2014000,17,3,0.000000,32218112
2016000,11,2,0.000000,32256296
2018000,6,3,0.000000,32297792
2020000,50,3,0.000000,32325312
2022000,30,3,0.002000,32353496
2024000,43,2,0.000000,32381932
2026000,29,3,0.000000,32421032
2028000,16,1,0.000000,32445060
2030000,36,2,0.001000,32478828
2032000,31,1,0.000000,32516136
2034000,4,1,0.000000,32544956
2036000,32,1,0.000000,32576416
2038000,32,1,0.000000,32609504
2040000,18,2,0.000000,32640544
2042000,41,1,0.001000,32670984
2044000,23,2,0.000000,32703808
2046000,24,1,0.000000,32729412
2048000,27,1,0.000000,32776236
2050000,22,1,0.000000,32795392
2052000,18,1,0.000000,32828976
2054000,48,1,0.010000,32871912
2056000,19,3,0.000000,32892680
2058000,14,1,0.000000,32927684
2060000,19,2,0.000000,32955688
2062000,20,2,0.000000,32988120
2064000,16,2,0.007000,33032920
2066000,29,3,0.000000,33056992
2068000,32,2,0.000000,33092360
2070000,42,1,0.000000,33123820
2072000,32,1,0.000000,33146740
2074000,29,1,0.000000,33187136
2076000,7,3,0.000000,33211712
2078000,50,3,0.000000,33243888
2080000,34,2,0.000000,33281008
2082000,13,2,0.000000,33313528
2084000,43,1,0.000000,33334112
2086000,39,1,0.000000,33386452
2088000,39,3,0.000000,33411756
2090000,21,3,0.000000,33439284
2092000,11,3,0.000000,33472020
2094000,28,1,0.000000,33504836
2096000,46,3,0.000000,33535372
2098000,15,2,0.000000,33567224
2100000,39,1,0.000000,33601544
2102000,42,1,0.015000,33629788
2104000,29,3,0.000000,33666640
2106000,45,1,0.000000,33694528
2108000,26,2,0.000000,33739688
2110000,44,3,0.000000,33759864
2112000,42,2,0.000000,33788972
2114000,42,2,0.000000,33825772
2116000,26,2,0.000000,33848044
2118000,7,2,0.000000,33886352
2120000,48,2,0.000000,33921040
2122000,19,3,0.000000,33945856
2124000,45,3,0.000000,33985668
2126000,29,1,0.000000,34006804
2128000,10,1,0.000000,34050012
2130000,41,3,0.000000,34082788
2132000,39,3,0.000000,34114788
2134000,40,2,0.000000,34144460
2136000,31,2,0.000000,34184000
2138000,36,3,0.000000,34203864
2140000,21,2,0.000000,34234636
2142000,20,2,0.000000,34274508
2144000,37,2,0.000000,34293048
2146000,48,2,0.000000,34345300
2148000,48,3,0.000000,34368272
2150000,15,1,0.000000,34389184
2152000,5,3,0.000000,34436556
2154000,20,1,0.000000,34460144
2156000,24,2,0.000000,34491060
2158000,37,1,0.002000,34535528
2160000,6,3,0.000000,34557156
2162000,39,2,0.000000,34584276
2164000,34,2,0.001000,34627360
2166000,24,3,0.000000,34659148
2168000,7,2,0.000000,34686096
2170000,37,1,0.000000,34718356
2172000,21,1,0.000000,34749156
2174000,20,2,0.000000,34783588
2176000,17,2,0.000000,34810688
2178000,31,1,0.000000,34843456
2180000,6,2,0.000000,34872268
2182000,34,3,0.000000,34915376
2184000,45,3,0.000000,34937960
2186000,33,2,0.000000,34978564
2188000,33,1,0.000000,35009628
2190000,24,1,0.000000,35044724
2192000,17,2,0.000000,35074176
2194000,18,3,0.000000,35108712
2196000,40,3,0.015000,35134252
2198000,15,3,0.000000,35172824
2200000,34,2,0.000000,35197732
2202000,35,1,0.000000,35240140
2204000,22,2,0.000000,35268308
2206000,13,2,0.000000,35292836
2208000,35,2,0.000000,35335276
2210000,35,3,0.000000,35351176
2212000,49,2,0.000000,35384768
2214000,20,1,0.000000,35415056
2216000,49,3,0.010000,35462488
2218000,41,1,0.000000,35481860
2220000,39,3,0.000000,35524184
2222000,2,1,0.000000,35547312
2224000,34,1,0.015000,35592288
2226000,45,3,0.000000,35619112
2228000,25,3,0.000000,35641336
2230000,11,3,0.000000,35676344
2232000,50,3,0.000000,35715804
2234000,27,2,0.000000,35741408
2236000,4,3,0.000000,35787244
2238000,7,1,0.000000,35805356
2240000,32,2,0.000000,35840804
2242000,25,3,0.000000,35875244
2244000,31,1,0.000000,35904432
2246000,4,3,0.000000,35931712
2248000,36,1,0.003000,35966272
2250000,50,3,0.000000,36003584
2252000,34,2,0.000000,36035848
2254000,19,2,0.000000,36062620
2256000,48,2,0.000000,36098288
2258000,9,3,0.000000,36129312
2260000,9,3,0.000000,36165368
2262000,9,2,0.000000,36184728
2264000,38,3,0.000000,36222304
2266000,38,1,0.000000,36256380
2268000,49,2,0.000000,36279064
2270000,46,1,0.000000,36317476
2272000,10,3,0.000000,36352100
2274000,20,3,0.000000,36383184
2276000,43,2,0.000000,36413800
2278000,4,1,0.000000,36450076
2280000,47,1,0.000000,36483028
2282000,46,1,0.000000,36516892
2284000,13,2,0.000000,36543264
2286000,34,1,0.000000,36573628
2288000,7,1,0.000000,36604328
2290000,39,2,0.000000,36648228
2292000,45,2,0.000000,36676312
2294000,16,3,0.000000,36704068
2296000,23,1,0.000000,36739448
2298000,21,3,0.001000,36772232
2300000,28,2,0.000000,36802120
2302000,4,3,0.000000,36835252
2304000,25,1,0.000000,36870620
2306000,48,2,0.000000,36897880
2308000,8,3,0.000000,36924940
2310000,22,2,0.000000,36955508
2312000,3,2,0.000000,36985908
2314000,38,1,0.000000,37032428
2316000,41,3,0.000000,37051044
2318000,31,3,0.000000,37074596
2320000,3,2,0.000000,37115072
2322000,9,2,0.000000,37156072
2324000,49,2,0.000000,37186740
2326000,17,2,0.000000,37213764
2328000,4,3,0.007000,37244552
2330000,29,3,0.000000,37274956
2332000,39,3,0.000000,37312096
2334000,34,1,0.000000,37349220
2336000,42,2,0.000000,37374156
2338000,2,2,0.000000,37408524
2340000,21,2,0.000000,37439920
2342000,26,1,0.000000,37458968
2344000,23,3,0.000000,37514076
2346000,21,3,0.000000,37529044
2348000,8,3,0.000000,37565728
2350000,36,2,0.000000,37597480
2352000,19,3,0.000000,37624404
2354000,27,2,0.000000,37660160
2356000,25,2,0.000000,37692248
2358000,30,3,0.000000,37734556
2360000,43,1,0.000000,37768236
2362000,28,1,0.000000,37785904
2364000,22,1,0.000000,37819780
2366000,11,3,0.000000,37853660
2368000,20,3,0.000000,37884932
2370000,27,2,0.000000,37913772
2372000,22,2,0.000000,37946068
2374000,31,3,0.000000,37984332
2376000,14,1,0.000000,38022544
2378000,2,3,0.000000,38055348
2380000,37,2,0.000000,38075308
2382000,1,3,0.000000,38112604
2384000,13,3,0.000000,38144952
2386000,34,3,0.000000,38168812
2388000,32,1,0.000000,38192696
2390000,11,3,0.000000,38236688
2392000,33,3,0.000000,38273628
2394000,8,1,0.000000,38303684
2396000,35,1,0.000000,38339236
2398000,43,3,0.000000,38367904
2400000,6,2,0.000000,38402376
2402000,31,2,0.000000,38435084
2404000,24,2,0.000000,38463088
2406000,44,1,0.000000,38495716
2408000,8,3,0.016000,38527916
2410000,3,1,0.000000,38550952
2412000,25,1,0.000000,38590628
2414000,7,3,0.000000,38619200
2416000,48,1,0.000000,38660508
2418000,12,2,0.000000,38683068
2420000,8,3,0.000000,38722032
2422000,45,2,0.000000,38760552
2424000,22,3,0.000000,38782884
2426000,26,2,0.000000,38809912
2428000,18,2,0.000000,38850020
2430000,5,3,0.000000,38875048
2432000,42,2,0.000000,38921292
2434000,22,3,0.015000,38945416
2436000,50,3,0.000000,38977920
2438000,34,2,0.000000,39008440
2440000,3,2,0.000000,39045792
2442000,11,2,0.000000,39082056
2444000,50,2,0.006000,39109968
2446000,12,3,0.000000,39136876
2448000,35,1,0.000000,39168988
2450000,26,3,0.000000,39201872
2452000,43,1,0.000000,39234020
2454000,16,1,0.000000,39262092
2456000,33,3,0.004000,39291820
2458000,46,2,0.000000,39333448
2460000,36,2,0.000000,39364348
2462000,28,3,0.000000,39395728
2464000,29,1,0.000000,39424148
2466000,26,1,0.016000,39460656
2468000,49,3,0.000000,39485068
2470000,6,1,0.000000,39509256
2472000,11,3,0.000000,39545892
2474000,31,2,0.000000,39583896
2476000,46,1,0.000000,39621724
2478000,28,3,0.000000,39638516
2480000,27,2,0.000000,39681404
2482000,15,1,0.000000,39696480
2484000,18,3,0.015000,39746884
2486000,27,2,0.003000,39772104
2488000,35,2,0.014000,39809512
2490000,5,3,0.000000,39841564
2492000,9,3,0.000000,39872124
2494000,28,1,0.000000,39898008
2496000,30,3,0.000000,39934220
2498000,42,1,0.000000,39966092
2500000,42,3,0.000000,40004960
2502000,23,1,0.000000,40038816
2504000,23,1,0.000000,40059560
2506000,2,1,0.000000,40083204
2508000,23,3,0.009000,40127480
2510000,11,2,0.000000,40153608
2512000,28,3,0.000000,40197920
2514000,13,1,0.000000,40232116
2516000,28,3,0.000000,40259476
2518000,38,3,0.000000,40296228
2520000,24,3,0.000000,40313352
2522000,27,3,0.000000,40355772
2524000,10,2,0.001000,40382864
2526000,22,3,0.000000,40412476
2528000,43,3,0.000000,40458456
2530000,19,1,0.000000,40480744
2532000,30,2,0.000000,40508828
2534000,8,3,0.000000,40546100
2536000,10,1,0.000000,40583072
2538000,42,3,0.000000,40602292
2540000,30,2,0.000000,40640104
2542000,36,3,0.000000,40670820
2544000,19,2,0.000000,40704620
2546000,32,3,0.000000,40735816
2548000,14,1,0.000000,40774176
2550000,12,1,0.000000,40803204
2552000,5,3,0.000000,40829128
2554000,30,2,0.000000,40864896
2556000,12,2,0.000000,40889680
2558000,30,3,0.000000,40924956
2560000,4,1,0.000000,40961232
2562000,33,3,0.000000,40992228
2564000,7,1,0.000000,41013636
2566000,16,2,0.000000,41049204
2568000,31,2,0.000000,41091856
2570000,45,3,0.000000,41119648
2572000,6,1,0.000000,41149536
2574000,45,2,0.000000,41179892
2576000,44,3,0.000000,41206552
2578000,29,3,0.000000,41243224
2580000,39,3,0.000000,41283296
2582000,50,3,0.000000,41311376
2584000,13,3,0.000000,41343612
2586000,50,3,0.000000,41375568
2588000,16,2,0.000000,41403828
2590000,2,3,0.015000,41450384
2592000,42,2,0.000000,41468876
2594000,12,1,0.000000,41507112
2596000,50,1,0.000000,41534028
2598000,17,1,0.000000,41555824
2600000,29,2,0.000000,41588180
2602000,11,1,0.000000,41639280
2604000,47,3,0.000000,41663336
2606000,20,1,0.000000,41691496
2608000,37,1,0.000000,41736688
2610000,3,3,0.000000,41767528
2612000,35,3,0.000000,41795200
2614000,49,1,0.000000,41822124
2616000,18,2,0.000000,41849136
2618000,34,3,0.000000,41890420
2620000,29,1,0.000000,41919636
2622000,32,2,0.000000,41951528
2624000,17,3,0.000000,41988992
2626000,8,3,0.000000,42018492
2628000,30,1,0.000000,42045104
2630000,16,2,0.000000,42077360
2632000,32,1,0.000000,42114320
2634000,44,2,0.000000,42148408
2636000,35,3,0.000000,42182448
2638000,43,2,0.000000,42208132
2640000,7,1,0.000000,42244620
2642000,30,3,0.000000,42265500
2644000,43,2,0.000000,42310000
2646000,38,1,0.000000,42338832
2648000,3,1,0.000000,42367384
2650000,15,2,0.000000,42399728
2652000,28,3,0.000000,42429132
2654000,32,2,0.000000,42460988
2656000,40,1,0.000000,42501024
2658000,10,3,0.015000,42526468
2660000,47,3,0.000000,42556304
2662000,2,1,0.000000,42597452
2664000,36,3,0.000000,42624488
2666000,49,3,0.000000,42646168
2668000,9,2,0.000000,42693176
2670000,15,3,0.000000,42724644
2672000,13,2,0.000000,42758696
2674000,17,2,0.000000,42784568
2676000,19,2,0.000000,42812220
2678000,21,2,0.000000,42847556
2680000,36,3,0.000000,42875156
2682000,19,1,0.000000,42913480
2684000,45,2,0.000000,42937592
2686000,44,3,0.000000,42985320
2688000,41,2,0.000000,43012200
2690000,15,1,0.000000,43037252
2692000,41,3,0.000000,43073100
2694000,29,2,0.000000,43103144
2696000,2,2,0.000000,43137508
2698000,12,3,0.000000,43167440
2700000,30,3,0.000000,43200364
2702000,19,2,0.016000,43231784
2704000,9,3,0.000000,43274384
2706000,9,3,0.000000,43292772
2708000,41,1,0.000000,43325216
2710000,23,2,0.000000,43359784
2712000,46,2,0.000000,43388512
2714000,17,2,0.000000,43417312
2716000,45,3,0.000000,43450740
2718000,25,1,0.000000,43492344
2720000,12,3,0.000000,43515324
2722000,18,3,0.000000,43556472
2724000,11,2,0.000000,43585092
2726000,2,1,0.000000,43621000
2728000,16,3,0.000000,43642416
2730000,46,1,0.000000,43679128
2732000,12,3,0.000000,43705444
2734000,45,2,0.000000,43751000
2736000,44,2,0.000000,43766716
2738000,41,2,0.000000,43808620
2740000,32,1,0.000000,43836332
2742000,27,2,0.000000,43876768
2744000,34,1,0.000000,43900060
2746000,30,3,0.000000,43931828
2748000,1,3,0.000000,43973676
2750000,21,3,0.015000,43997588
2752000,12,3,0.000000,44031548
2754000,46,3,0.015000,44063768
2756000,43,3,0.000000,44089076
2758000,29,2,0.000000,44123964
2760000,38,1,0.000000,44147876
2762000,3,2,0.000000,44194888
2764000,33,1,0.015000,44224616
2766000,47,1,0.000000,44257008
2768000,7,3,0.000000,44294596
2770000,35,3,0.000000,44323996
2772000,21,2,0.000000,44349060
2774000,23,3,0.000000,44391840
2776000,34,1,0.000000,44419112
2778000,7,2,0.000000,44448764
2780000,23,3,0.000000,44480616
2782000,25,2,0.000000,44517924
2784000,41,1,0.000000,44536968
2786000,45,2,0.000000,44565836
2788000,31,2,0.000000,44608660
2790000,17,3,0.000000,44634744
2792000,24,1,0.000000,44671252
2794000,40,1,0.000000,44709552
2796000,44,1,0.000000,44739724
2798000,2,1,0.000000,44761596
2800000,33,3,0.000000,44799068
2802000,13,3,0.000000,44831480
2804000,3,3,0.000000,44876016
2806000,6,3,0.000000,44893456
2808000,37,3,0.000000,44930928
2810000,15,2,0.000000,44957656
2812000,6,1,0.000000,44991660
2814000,13,1,0.000000,45025008
2816000,29,2,0.000000,45056296
2818000,34,2,0.000000,45089892
2820000,10,3,0.000000,45121708
2822000,5,3,0.000000,45153456
2824000,40,2,0.000000,45187276
2826000,27,1,0.000000,45206088
2828000,38,1,0.000000,45254228
2830000,32,1,0.000000,45265412
2832000,35,2,0.000000,45313180
2834000,35,2,0.000000,45342380
2836000,13,1,0.000000,45375108
2838000,4,2,0.000000,45405960
2840000,48,3,0.000000,45449060
2842000,20,2,0.000000,45473376
2844000,33,1,0.000000,45501084
2846000,19,2,0.000000,45533592
2848000,50,1,0.000000,45577664
2850000,20,3,0.000000,45603528
2852000,17,1,0.000000,45634292
2854000,31,3,0.000000,45664732
2856000,49,3,0.000000,45702728
2858000,50,2,0.000000,45733544
2860000,49,1,0.000000,45762716
2862000,5,2,0.000000,45789112
2864000,30,3,0.000000,45817424
2866000,1,3,0.000000,45856308
2868000,49,2,0.000000,45888368
2870000,38,3,0.000000,45906728
2872000,14,2,0.000000,45948076
2874000,39,1,0.000000,45995268
2876000,8,2,0.000000,46009672
2878000,47,2,0.000000,46044064
2880000,9,2,0.001000,46075468
2882000,8,1,0.000000,46117732
2884000,29,2,0.000000,46142304
2886000,48,3,0.000000,46176408
2888000,46,2,0.000000,46204628
2890000,13,2,0.000000,46235780
2892000,13,2,0.000000,46269564
2894000,24,1,0.000000,46301016
2896000,12,2,0.000000,46333500
2898000,30,2,0.000000,46359472
2900000,38,3,0.000000,46394032
2902000,39,1,0.000000,46437404
2904000,9,3,0.000000,46471500
2906000,22,1,0.000000,46489156
2908000,50,2,0.000000,46525056
2910000,27,3,0.000000,46558668
2912000,27,3,0.000000,46581792
2914000,49,1,0.000000,46616368
2916000,37,2,0.000000,46660596
2918000,38,3,0.000000,46696820
2920000,38,1,0.000000,46719628
2922000,9,3,0.000000,46750168
2924000,15,2,0.000000,46783084
2926000,1,3,0.000000,46803488
2928000,49,1,0.000000,46840504
2930000,26,2,0.000000,46877908
2932000,41,3,0.000000,46909212
2934000,6,1,0.000000,46948248
2936000,25,2,0.000000,46978732
2938000,35,2,0.000000,47012884
2940000,39,3,0.015000,47038448
2942000,28,1,0.000000,47075084
2944000,22,3,0.000000,47092828
2946000,19,2,0.000000,47135612
2948000,46,2,0.000000,47159424
2950000,32,1,0.000000,47206532
2952000,46,2,0.000000,47231500
2954000,24,2,0.000000,47267176
2956000,38,2,0.000000,47297592
2958000,34,2,0.000000,47321800
2960000,22,2,0.000000,47358752
2962000,20,3,0.000000,47398596
2964000,11,2,0.000000,47426388
2966000,50,3,0.000000,47456868
2968000,29,2,0.000000,47492940
2970000,37,2,0.000000,47528056
2972000,24,3,0.000000,47563892
2974000,33,2,0.001000,47583200
2976000,33,3,0.000000,47617744
2978000,17,3,0.000000,47651092
2980000,40,2,0.000000,47679456
2982000,34,2,0.000000,47708340
2984000,37,3,0.000000,47748356
2986000,40,1,0.000000,47783404
2988000,10,2,0.000000,47803628
2990000,49,2,0.000000,47844500
2992000,40,2,0.000000,47873584
2994000,18,2,0.000000,47892464
2996000,28,2,0.000000,47930232
2998000,48,2,0.000000,47973552
3000000,24,2,0.000000,47995684
3002000,25,3,0.000000,48029832
3004000,9,2,0.000000,48046684
3006000,18,1,0.000000,48099256
3008000,42,2,0.000000,48123160
3010000,24,1,0.000000,48164832
3012000,14,3,0.000000,48192092
3014000,32,3,0.000000,48215988
3016000,17,3,0.000000,48256404
3018000,47,3,0.000000,48284732
3020000,17,3,0.000000,48332020
3022000,8,1,0.000000,48347848
3024000,8,2,0.000000,48377184
3026000,25,2,0.000000,48410560
3028000,32,1,0.000000,48442700
3030000,13,1,0.000000,48492076
3032000,46,1,0.000000,48514016
3034000,33,2,0.000000,48554848
3036000,32,1,0.000000,48568756
3038000,34,2,0.000000,48608484
3040000,6,1,0.000000,48639624
3042000,47,2,0.000000,48680952
3044000,50,3,0.000000,48704264
3046000,39,3,0.000000,48736048
3048000,49,3,0.000000,48773232
3050000,7,3,0.000000,48795436
3052000,3,3,0.000000,48830848
3054000,7,3,0.000000,48861844
3056000,6,3,0.000000,48896688
3058000,38,1,0.000000,48934440
3060000,38,1,0.000000,48965060
3062000,2,2,0.000000,48988072
3064000,31,2,0.000000,49021056
3066000,20,1,0.000000,49048264
3068000,15,1,0.000000,49093280
3070000,14,3,0.006000,49119500
3072000,38,3,0.000000,49141204
3074000,25,2,0.000000,49182496
3076000,33,1,0.000000,49214012
3078000,6,1,0.000000,49243392
3080000,7,1,0.000000,49282080
3082000,24,1,0.000000,49299792
3084000,34,1,0.000000,49342176
3086000,6,3,0.000000,49374348
3088000,43,1,0.000000,49408776
3090000,13,2,0.000000,49438756
3092000,11,2,0.000000,49467644
3094000,26,3,0.000000,49517512
3096000,37,1,0.000000,49533596
3098000,37,3,0.000000,49564000
3100000,31,3,0.000000,49591740
3102000,16,3,0.000000,49617528
3104000,10,3,0.000000,49671992
3106000,35,1,0.000000,49696580
3108000,22,1,0.000000,49727320
3110000,49,2,0.000000,49769344
3112000,13,1,0.000000,49797968
3114000,25,3,0.000000,49822624
3116000,31,3,0.000000,49847828
3118000,7,2,0.016000,49890004
3120000,38,3,0.000000,49917148
3122000,36,1,0.000000,49957768
3124000,26,1,0.005000,49987748
3126000,22,3,0.000000,50013264
3128000,39,1,0.000000,50043116
3130000,20,2,0.016000,50089068
3132000,41,3,0.000000,50117892
3134000,43,1,0.000000,50145896
3136000,34,3,0.000000,50177696
3138000,48,2,0.000000,50202144
3140000,45,2,0.000000,50243520
3142000,5,3,0.000000,50276052
3144000,22,2,0.000000,50305444
3146000,15,1,0.000000,50338256
3148000,35,1,0.000000,50358256
3150000,30,3,0.004000,50410412
3152000,10,1,0.000000,50423356
3154000,17,3,0.000000,50466916
3156000,37,2,0.000000,50497256
3158000,42,1,0.000000,50521628
3160000,35,1,0.000000,50569536
3162000,31,2,0.012000,50593552
3164000,47,3,0.000000,50629472
3166000,5,1,0.000000,50651460
3168000,35,2,0.000000,50683372
3170000,37,1,0.000000,50719408
3172000,37,3,0.000000,50752496
3174000,9,2,0.000000,50781840
3176000,33,3,0.000000,50824516
3178000,47,2,0.000000,50847888
3180000,35,1,0.000000,50878624
3182000,25,1,0.000000,50912008
3184000,4,3,0.000000,50945424
3186000,29,1,0.000000,50974844
3188000,37,3,0.000000,51009996
3190000,36,1,0.000000,51048104
3192000,17,2,0.000000,51073748
3194000,27,2,0.000000,51093224
3196000,1,1,0.000000,51136860
3198000,45,1,0.000000,51161532
3200000,47,2,0.000000,51195376
3202000,33,2,0.000000,51230600
3204000,34,3,0.000000,51270288
3206000,46,2,0.000000,51295484
3208000,26,2,0.000000,51331968
3210000,8,3,0.000000,51354656
3212000,9,1,0.000000,51387604
3214000,4,3,0.000000,51429288
3216000,38,1,0.000000,51448636
3218000,49,2,0.000000,51489628
3220000,8,3,0.002000,51513428
3222000,35,2,0.000000,51556284
3224000,13,2,0.000000,51578400
3226000,6,2,0.000000,51614672
3228000,43,1,0.000000,51653940
3230000,6,2,0.000000,51674028
3232000,44,1,0.000000,51713320
3234000,28,3,0.016000,51734788
3236000,28,3,0.000000,51769516
3238000,47,2,0.000000,51805332
3240000,32,1,0.000000,51836660
3242000,32,1,0.000000,51876420
3244000,19,2,0.000000,51910256
3246000,39,2,0.000000,51939684
3248000,11,3,0.000000,51965408
3250000,8,1,0.000000,51999260
3252000,21,2,0.000000,52042292
3254000,5,2,0.000000,52065512
3256000,32,2,0.000000,52100112
3258000,42,3,0.000000,52118508
3260000,1,2,0.000000,52147724
3262000,46,1,0.000000,52194008
3264000,12,1,0.015000,52226024
3266000,49,2,0.000000,52255988
3268000,44,1,0.000000,52295240
3270000,24,3,0.008000,52311852
3272000,29,2,0.000000,52354828
3274000,23,1,0.000000,52386552
3276000,30,2,0.000000,52419828
3278000,25,3,0.000000,52446752
3280000,36,3,0.000000,52480956
3282000,3,1,0.015000,52513924
3284000,24,2,0.000000,52539676
3286000,12,2,0.000000,52583960
3288000,31,1,0.001000,52607032
3290000,14,2,0.000000,52642524
3292000,15,2,0.000000,52674056
3294000,38,2,0.000000,52698352
3296000,9,2,0.000000,52729104
3298000,42,3,0.000000,52762536
3300000,21,1,0.000000,52800280
3302000,3,2,0.000000,52831712
3304000,5,1,0.000000,52862016
3306000,44,3,0.000000,52904820
3308000,10,3,0.000000,52929584
3310000,2,1,0.001000,52955644
3312000,30,3,0.000000,52999128
3314000,44,1,0.000000,53029456
3316000,47,2,0.000000,53055504
3318000,20,1,0.000000,53090564
3320000,33,3,0.000000,53125984
3322000,6,1,0.000000,53157748
3324000,16,2,0.000000,53185472
3326000,9,2,0.000000,53209336
3328000,29,3,0.000000,53247180
3330000,39,2,0.000000,53281740
3332000,29,1,0.000000,53291932
3334000,46,3,0.000000,53348980
3336000,10,2,0.000000,53377416
3338000,17,1,0.000000,53406264
3340000,9,1,0.000000,53429636
3342000,33,3,0.000000,53479712
3344000,28,2,0.000000,53499932
3346000,25,1,0.000000,53538816
3348000,6,3,0.000000,53554636
3350000,48,2,0.000000,53604140
3352000,46,1,0.000000,53628024
3354000,19,3,0.000000,53661860
3356000,30,1,0.000000,53685456
3358000,27,3,0.000000,53722988
3360000,33,1,0.000000,53769524
3362000,14,3,0.000000,53792340
3364000,50,1,0.000000,53819044
3366000,8,2,0.000000,53855244
3368000,31,1,0.000000,53874040
3370000,16,1,0.000000,53914228
3372000,16,3,0.000000,53960188
3374000,42,1,0.000000,53995556
3376000,10,1,0.000000,54009244
3378000,29,3,0.000000,54045264
3380000,5,1,0.000000,54066084
3382000,39,3,0.000000,54107280
3384000,3,1,0.000000,54141720
3386000,30,2,0.000000,54179028
3388000,48,2,0.005000,54207060
3390000,22,1,0.000000,54242108
3392000,10,3,0.000000,54274768
3394000,22,3,0.000000,54307460
3396000,27,3,0.000000,54324212
3398000,39,1,0.000000,54363840
3400000,34,1,0.000000,54399348
3402000,7,3,0.000000,54433632
3404000,25,1,0.000000,54469624
3406000,12,1,0.000000,54497160
3408000,16,2,0.000000,54518716
3410000,24,2,0.000000,54560836
3412000,6,3,0.000000,54598492
3414000,17,2,0.000000,54626576
3416000,35,1,0.006000,54657528
3418000,25,3,0.000000,54700124
3420000,7,2,0.000000,54730672
3422000,3,3,0.000000,54752084
3424000,23,1,0.000000,54786232
3426000,9,2,0.000000,54819412
3428000,30,1,0.000000,54844120
3430000,20,3,0.000000,54883896
3432000,18,1,0.000000,54919112
3434000,24,2,0.000000,54940936
3436000,45,2,0.000000,54983788
3438000,40,2,0.000000,55000776
3440000,17,1,0.000000,55029408
3442000,16,3,0.000000,55075072
3444000,7,3,0.000000,55099080
3446000,15,2,0.000000,55132708
3448000,33,3,0.000000,55153120
3450000,33,3,0.000000,55201952
3452000,21,3,0.000000,55230656
3454000,29,3,0.000000,55266440
3456000,34,1,0.000000,55289476
3458000,25,2,0.000000,55324916
3460000,25,2,0.000000,55357664
3462000,13,2,0.000000,55402832
3464000,42,3,0.000000,55414368
3466000,28,1,0.000000,55451540
3468000,16,1,0.000000,55480952
3470000,19,1,0.000000,55530976
3472000,45,1,0.007000,55558868
3474000,12,1,0.000000,55591072
3476000,26,1,0.000000,55609716
3478000,21,1,0.000000,55649988
3480000,19,2,0.000000,55682764
3482000,31,3,0.000000,55717168
3484000,49,2,0.000000,55744168
3486000,42,1,0.000000,55779364
3488000,33,1,0.000000,55805720
3490000,10,1,0.000000,55837768
3492000,36,1,0.000000,55874732
3494000,38,1,0.000000,55899640
3496000,16,3,0.000000,55945084
3498000,47,2,0.000000,55968744
3500000,16,3,0.016000,55996144
3502000,38,3,0.000000,56026652
3504000,29,1,0.000000,56065084
3506000,26,1,0.000000,56091504
3508000,17,2,0.000000,56118928
3510000,44,2,0.000000,56159288
3512000,5,3,0.000000,56188532
3514000,15,2,0.000000,56226128
3516000,11,1,0.000000,56240844
3518000,41,3,0.000000,56286816
3520000,45,2,0.000000,56322184
3522000,15,3,0.000000,56351640
3524000,32,3,0.000000,56378020
3526000,15,2,0.015000,56426248
3528000,27,1,0.000000,56448700
3530000,23,1,0.000000,56474344
3532000,17,1,0.000000,56501248
3534000,11,3,0.000000,56539688
3536000,11,2,0.000000,56575244
3538000,14,2,0.000000,56604968
3540000,4,3,0.000000,56650788
3542000,42,2,0.000000,56682256
3544000,42,1,0.000000,56701040
3546000,22,2,0.000000,56724652
3548000,39,1,0.000000,56773224
3550000,23,1,0.000000,56803472
3552000,50,3,0.000000,56835256
3554000,16,1,0.000000,56863088
3556000,32,2,0.000000,56890172
3558000,31,2,0.000000,56936776
3560000,9,1,0.000000,56965272
3562000,1,3,0.000000,57000960
3564000,11,1,0.000000,57016024
3566000,28,1,0.000000,57060332
3568000,8,2,0.000000,57091696
3570000,34,3,0.000000,57120784
3572000,23,2,0.000000,57148532
3574000,6,3,0.000000,57178708
3576000,5,3,0.000000,57221792
3578000,26,2,0.000000,57242420
3580000,27,1,0.000000,57286656
3582000,32,2,0.000000,57305188
3584000,12,3,0.000000,57350928
3586000,3,3,0.000000,57377032
3588000,29,2,0.000000,57414844
3590000,21,2,0.000000,57436496
3592000,48,3,0.000000,57468760
3594000,15,1,0.000000,57500724
3596000,23,1,0.000000,57530896
3598000,44,1,0.000000,57582960
3600000,16,2,0.000000,57595900
3602000,46,2,0.000000,57631972
3604000,1,2,0.000000,57662588
3606000,13,2,0.000000,57699176
3608000,4,3,0.000000,57727728
3610000,41,3,0.000000,57770564
3612000,13,3,0.000000,57789716
3614000,36,3,0.000000,57820624
3616000,4,1,0.000000,57850332
3618000,11,1,0.000000,57882412
3620000,37,1,0.000000,57916180
3622000,23,3,0.000000,57950208
3624000,6,2,0.000000,57986132
3626000,18,1,0.000000,58025340
3628000,40,1,0.000000,58041936
3630000,36,2,0.000000,58078692
3632000,34,3,0.000000,58111824
3634000,14,1,0.000000,58137648
3636000,10,2,0.000000,58177748
3638000,50,1,0.000000,58200820
3640000,1,1,0.000000,58243064
3642000,36,3,0.000000,58262956
3644000,30,2,0.000000,58312676
3646000,24,2,0.000000,58328392
3648000,50,3,0.000000,58372324
3650000,28,3,0.000000,58391108
3652000,26,3,0.000000,58423576
3654000,1,1,0.001000,58462136
3656000,22,2,0.000000,58494972
3658000,25,2,0.000000,58530888
3660000,19,3,0.000000,58568200
3662000,24,1,0.004000,58590616
3664000,4,3,0.000000,58624220
3666000,41,1,0.000000,58664032
3668000,46,2,0.000000,58690476
3670000,6,1,0.000000,58721316
3672000,34,1,0.000000,58740848
3674000,26,1,0.000000,58784172
3676000,1,3,0.000000,58812748
3678000,16,2,0.000000,58849528
3680000,50,3,0.000000,58885352
3682000,8,3,0.000000,58901760
3684000,34,2,0.000000,58948800
3686000,10,3,0.000000,58984108
3688000,31,2,0.000000,59005196
3690000,5,3,0.000000,59043044
3692000,35,2,0.000000,59069296
3694000,19,2,0.000000,59105688
3696000,15,2,0.000000,59140848
3698000,47,2,0.000000,59166168
3700000,32,2,0.000000,59205500
3702000,33,2,0.000000,59227548
3704000,21,2,0.000000,59261796
3706000,23,1,0.000000,59285500
3708000,17,2,0.000000,59328512
3710000,2,2,0.000000,59356480
3712000,29,2,0.000000,59392528
3714000,42,1,0.000000,59433052
3716000,46,1,0.000000,59456436
3718000,41,3,0.000000,59479868
3720000,43,1,0.000000,59532876
3722000,33,1,0.000000,59555624
3724000,12,2,0.000000,59587912
3726000,15,2,0.000000,59622484
3728000,36,1,0.000000,59652732
3730000,1,2,0.000000,59680304
3732000,48,3,0.000000,59703092
3734000,48,1,0.000000,59751196
3736000,6,1,0.000000,59762156
3738000,12,1,0.000000,59799300
3740000,48,2,0.000000,59845600
3742000,33,3,0.000000,59871052
3744000,27,2,0.000000,59893284
3746000,50,2,0.000000,59943096
3748000,5,2,0.000000,59961900
3750000,9,1,0.000000,60004700
3752000,40,1,0.000000,60027816
3754000,5,2,0.000000,60059136
3756000,28,1,0.000000,60090436
3758000,9,3,0.000000,60120384
3760000,24,2,0.000000,60152428
3762000,8,1,0.015000,60202296
3764000,4,1,0.000000,60222688
3766000,32,2,0.000000,60250760
3768000,50,2,0.000000,60279776
3770000,29,1,0.000000,60309636
3772000,32,2,0.000000,60356428
3774000,30,3,0.000000,60395228
3776000,22,3,0.000000,60413456
3778000,23,1,0.000000,60444332
3780000,16,2,0.000000,60461868
3782000,7,3,0.000000,60505804
3784000,45,3,0.000000,60545628
3786000,35,3,0.000000,60578588
3788000,19,1,0.000000,60610628
3790000,28,3,0.000000,60647988
3792000,29,1,0.000000,60669344
3794000,23,3,0.000000,60693284
3796000,35,2,0.000000,60732504
3798000,3,3,0.000000,60768584
3800000,43,1,0.000000,60799120
3802000,21,3,0.000000,60838996
3804000,46,1,0.000000,60857664
3806000,46,1,0.000000,60895740
3808000,16,2,0.000000,60935996
3810000,46,1,0.000000,60961168
3812000,39,1,0.000000,60992640
3814000,16,3,0.000000,61034496
3816000,45,1,0.000000,61067304
3818000,23,2,0.000000,61087712
3820000,11,3,0.000000,61126064
3822000,17,3,0.000000,61151032
3824000,8,2,0.000000,61181644
3826000,13,3,0.000000,61223888
3828000,19,1,0.000000,61246440
3830000,34,2,0.000000,61287584
3832000,33,3,0.000000,61303736
3834000,47,3,0.000000,61334100
3836000,37,1,0.000000,61381456
3838000,20,1,0.000000,61400984
3840000,49,1,0.000000,61427080
3842000,17,3,0.000000,61471360
3844000,43,1,0.000000,61499220
3846000,12,3,0.000000,61542856
3848000,7,2,0.000000,61560500
3850000,45,3,0.000000,61595640
3852000,34,1,0.000000,61639196
3854000,34,3,0.000000,61665820
3856000,47,3,0.000000,61686068
3858000,12,1,0.000000,61718376
3860000,44,1,0.000000,61764084
3862000,48,3,0.000000,61805952
3864000,30,2,0.000000,61830316
3866000,13,3,0.000000,61847616
3868000,34,1,0.000000,61888060
3870000,35,2,0.000000,61929144
3872000,15,2,0.000000,61954648
3874000,8,3,0.000000,61981520
3876000,43,2,0.000000,62020220
3878000,3,1,0.000000,62046132
3880000,47,3,0.000000,62078756
3882000,23,2,0.002000,62110384
3884000,11,3,0.000000,62153560
3886000,31,2,0.000000,62173152
3888000,43,3,0.000000,62208416
3890000,18,1,0.000000,62234976
3892000,34,2,0.000000,62269064
3894000,32,2,0.000000,62296332
3896000,1,2,0.000000,62331592
3898000,37,1,0.000000,62367564
3900000,40,3,0.000000,62396444
3902000,30,3,0.000000,62420896
3904000,39,3,0.000000,62460676
3906000,10,2,0.000000,62499468
3908000,50,3,0.000000,62522780
3910000,19,3,0.000000,62565220
3912000,31,3,0.000000,62594972
3914000,37,2,0.000000,62620040
3916000,27,3,0.000000,62646936
3918000,37,2,0.000000,62679956
3920000,21,1,0.000000,62720176
3922000,29,3,0.000000,62753752
3924000,16,1,0.000000,62793668
3926000,25,3,0.000000,62819892
3928000,30,3,0.016000,62841596
3930000,32,2,0.000000,62881196
3932000,23,1,0.015000,62911864
3934000,7,3,0.000000,62951308
3936000,47,3,0.000000,62970116
3938000,12,3,0.000000,63004624
3940000,32,1,0.000000,63050716
3942000,39,1,0.000000,63079364
3944000,27,1,0.000000,63107052
3946000,36,3,0.000000,63130100
3948000,47,1,0.015000,63174060
3950000,37,1,0.000000,63202140
3952000,39,3,0.000000,63231888
3954000,14,1,0.000000,63256332
3956000,14,1,0.000000,63302588
3958000,49,3,0.000000,63325320
3960000,28,3,0.000000,63365708
3962000,3,2,0.000000,63381848
3964000,49,3,0.000000,63434396
3966000,37,2,0.000000,63459156
3968000,45,2,0.000000,63483972
3970000,39,2,0.000000,63518732
3972000,5,1,0.000000,63549612
3974000,16,3,0.000000,63575980
3976000,50,2,0.000000,63633304
3978000,15,2,0.000000,63645960
3980000,48,2,0.000000,63675680
3982000,28,3,0.000000,63717068
3984000,24,3,0.000000,63741612
3986000,50,1,0.000000,63776600
3988000,34,2,0.000000,63817000
3990000,16,3,0.000000,63835776
3992000,35,2,0.000000,63866016
3994000,35,2,0.000000,63900528
3996000,22,3,0.000000,63930096
3998000,42,2,0.000000,63965836
